sku,image,small_image,thumbnail,_media_attribute_id,_media_image,_media_position,_media_is_disabled,visibility
6005870,6005870.jpg,6005870.jpg,6005870.jpg,80,6005870.jpg,0,0,4
600652,600652.jpg,600652.jpg,600652.jpg,80,600652.jpg,0,0,4
601022,601022.jpg,601022.jpg,601022.jpg,80,601022.jpg,0,0,4
601023,601023.jpg,601023.jpg,601023.jpg,80,601023.jpg,0,0,4
6011673,6011673.jpg,6011673.jpg,6011673.jpg,80,6011673.jpg,0,0,4
6011758,6011758.jpg,6011758.jpg,6011758.jpg,80,6011758.jpg,0,0,4
6011901,6011901.jpg,6011901.jpg,6011901.jpg,80,6011901.jpg,0,0,4
,,,,80,6011901_1.jpg,1,0,
601252,601252.jpg,601252.jpg,601252.jpg,80,601252.jpg,0,0,4
6014217,6014217.jpg,6014217.jpg,6014217.jpg,80,6014217.jpg,0,0,4
602448,602448.jpg,602448.jpg,602448.jpg,80,602448.jpg,0,0,4
602872,602872.jpg,602872.jpg,602872.jpg,80,602872.jpg,0,0,4
6029033,6029033.jpg,6029033.jpg,6029033.jpg,80,6029033.jpg,0,0,4
6029034,6029034.jpg,6029034.jpg,6029034.jpg,80,6029034.jpg,0,0,4
6030057,6030057.jpg,6030057.jpg,6030057.jpg,80,6030057.jpg,0,0,4
6033454,6033454.jpg,6033454.jpg,6033454.jpg,80,6033454.jpg,0,0,4
6044473,6044473.jpg,6044473.jpg,6044473.jpg,80,6044473.jpg,0,0,4
6046545,6046545.jpg,6046545.jpg,6046545.jpg,80,6046545.jpg,0,0,4
6046965,6046965.jpg,6046965.jpg,6046965.jpg,80,6046965.jpg,0,0,4
6047085,6047085.jpg,6047085.jpg,6047085.jpg,80,6047085.jpg,0,0,4
,,,,80,6047085_1.jpg,1,0,
6048099,6048099.jpg,6048099.jpg,6048099.jpg,80,6048099.jpg,0,0,4
,,,,80,6048099_1.jpg,1,0,
6048877,6048877.jpg,6048877.jpg,6048877.jpg,80,6048877.jpg,0,0,4
,,,,80,6048877_1.jpg,1,0,
,,,,80,6048877_2.jpg,2,0,
,,,,80,6048877_3.jpg,3,0,
6049034,6049034.jpg,6049034.jpg,6049034.jpg,80,6049034.jpg,0,0,4
6049065,6049065.jpg,6049065.jpg,6049065.jpg,80,6049065.jpg,0,0,4
6050009,6050009.jpg,6050009.jpg,6050009.jpg,80,6050009.jpg,0,0,4
,,,,80,6050009_1.jpg,1,0,
6051358,6051358.jpg,6051358.jpg,6051358.jpg,80,6051358.jpg,0,0,4
6052263,6052263.jpg,6052263.jpg,6052263.jpg,80,6052263.jpg,0,0,4
6052270,6052270.jpg,6052270.jpg,6052270.jpg,80,6052270.jpg,0,0,4
6052287,6052287.jpg,6052287.jpg,6052287.jpg,80,6052287.jpg,0,0,4
6052300,6052300.jpg,6052300.jpg,6052300.jpg,80,6052300.jpg,0,0,4
6052317,6052317.jpg,6052317.jpg,6052317.jpg,80,6052317.jpg,0,0,4
6052324,6052324.jpg,6052324.jpg,6052324.jpg,80,6052324.jpg,0,0,4
6052485,6052485.jpg,6052485.jpg,6052485.jpg,80,6052485.jpg,0,0,4
6052607,6052607.jpg,6052607.jpg,6052607.jpg,80,6052607.jpg,0,0,4
6053703,6053703.jpg,6053703.jpg,6053703.jpg,80,6053703.jpg,0,0,4
6053802,6053802.jpg,6053802.jpg,6053802.jpg,80,6053802.jpg,0,0,4
6053833,6053833.jpg,6053833.jpg,6053833.jpg,80,6053833.jpg,0,0,4
,,,,80,6053833_1.jpg,1,0,
6053864,6053864.jpg,6053864.jpg,6053864.jpg,80,6053864.jpg,0,0,4
6053871,6053871.jpg,6053871.jpg,6053871.jpg,80,6053871.jpg,0,0,4
6053888,6053888.jpg,6053888.jpg,6053888.jpg,80,6053888.jpg,0,0,4
6053895,6053895.jpg,6053895.jpg,6053895.jpg,80,6053895.jpg,0,0,4
6053901,6053901.jpg,6053901.jpg,6053901.jpg,80,6053901.jpg,0,0,4
6053918,6053918.jpg,6053918.jpg,6053918.jpg,80,6053918.jpg,0,0,4
6053925,6053925.jpg,6053925.jpg,6053925.jpg,80,6053925.jpg,0,0,4
6053932,6053932.jpg,6053932.jpg,6053932.jpg,80,6053932.jpg,0,0,4
6053949,6053949.jpg,6053949.jpg,6053949.jpg,80,6053949.jpg,0,0,4
6053956,6053956.jpg,6053956.jpg,6053956.jpg,80,6053956.jpg,0,0,4
6053963,6053963.jpg,6053963.jpg,6053963.jpg,80,6053963.jpg,0,0,4
6053970,6053970.jpg,6053970.jpg,6053970.jpg,80,6053970.jpg,0,0,4
6053987,6053987.jpg,6053987.jpg,6053987.jpg,80,6053987.jpg,0,0,4
6053994,6053994.jpg,6053994.jpg,6053994.jpg,80,6053994.jpg,0,0,4
6054007,6054007.jpg,6054007.jpg,6054007.jpg,80,6054007.jpg,0,0,4
6054014,6054014.jpg,6054014.jpg,6054014.jpg,80,6054014.jpg,0,0,4
6054021,6054021.jpg,6054021.jpg,6054021.jpg,80,6054021.jpg,0,0,4
6054038,6054038.jpg,6054038.jpg,6054038.jpg,80,6054038.jpg,0,0,4
6054045,6054045.jpg,6054045.jpg,6054045.jpg,80,6054045.jpg,0,0,4
6054052,6054052.jpg,6054052.jpg,6054052.jpg,80,6054052.jpg,0,0,4
6054069,6054069.jpg,6054069.jpg,6054069.jpg,80,6054069.jpg,0,0,4
6054090,6054090.jpg,6054090.jpg,6054090.jpg,80,6054090.jpg,0,0,4
6054236,6054236.jpg,6054236.jpg,6054236.jpg,80,6054236.jpg,0,0,4
,,,,80,6054236_1.jpg,1,0,
6054250,6054250.jpg,6054250.jpg,6054250.jpg,80,6054250.jpg,0,0,4
6054465,6054465.jpg,6054465.jpg,6054465.jpg,80,6054465.jpg,0,0,4
6054670,6054670.jpg,6054670.jpg,6054670.jpg,80,6054670.jpg,0,0,4
,,,,80,6054670_1.jpg,1,0,
6055738,6055738.jpg,6055738.jpg,6055738.jpg,80,6055738.jpg,0,0,4
6055745,6055745.jpg,6055745.jpg,6055745.jpg,80,6055745.jpg,0,0,4
6055851,6055851.jpg,6055851.jpg,6055851.jpg,80,6055851.jpg,0,0,4
6055899,6055899.jpg,6055899.jpg,6055899.jpg,80,6055899.jpg,0,0,4
,,,,80,6055899_1.jpg,1,0,
6056469,6056469.jpg,6056469.jpg,6056469.jpg,80,6056469.jpg,0,0,4
6056728,6056728.jpg,6056728.jpg,6056728.jpg,80,6056728.jpg,0,0,4
,,,,80,6056728_1.jpg,1,0,
6056797,6056797.jpg,6056797.jpg,6056797.jpg,80,6056797.jpg,0,0,4
6056865,6056865.jpg,6056865.jpg,6056865.jpg,80,6056865.jpg,0,0,4
6057060,6057060.jpg,6057060.jpg,6057060.jpg,80,6057060.jpg,0,0,4
6057176,6057176.jpg,6057176.jpg,6057176.jpg,80,6057176.jpg,0,0,4
,,,,80,6057176_1.jpg,1,0,
,,,,80,6057176_2.jpg,2,0,
,,,,80,6057176_3.jpg,3,0,
,,,,80,6057176_4.jpg,4,0,
6057312,6057312.jpg,6057312.jpg,6057312.jpg,80,6057312.jpg,0,0,4
6057329,6057329.jpg,6057329.jpg,6057329.jpg,80,6057329.jpg,0,0,4
,,,,80,6057329_1.jpg,1,0,
6057480,6057480.jpg,6057480.jpg,6057480.jpg,80,6057480.jpg,0,0,4
,,,,80,6057480_1.jpg,1,0,
,,,,80,6057480_2.jpg,2,0,
6057565,6057565.jpg,6057565.jpg,6057565.jpg,80,6057565.jpg,0,0,4
6057855,6057855.jpg,6057855.jpg,6057855.jpg,80,6057855.jpg,0,0,4
,,,,80,6057855_1.jpg,1,0,
6058272,6058272.jpg,6058272.jpg,6058272.jpg,80,6058272.jpg,0,0,4
,,,,80,6058272_1.jpg,1,0,
,,,,80,6058272_2.jpg,2,0,
6058326,6058326.jpg,6058326.jpg,6058326.jpg,80,6058326.jpg,0,0,4
6058616,6058616.jpg,6058616.jpg,6058616.jpg,80,6058616.jpg,0,0,4
6058739,6058739.jpg,6058739.jpg,6058739.jpg,80,6058739.jpg,0,0,4
,,,,80,6058739_1.jpg,1,0,
6058746,6058746.jpg,6058746.jpg,6058746.jpg,80,6058746.jpg,0,0,4
,,,,80,6058746_1.jpg,1,0,
6058753,6058753.jpg,6058753.jpg,6058753.jpg,80,6058753.jpg,0,0,4
,,,,80,6058753_1.jpg,1,0,
6058760,6058760.jpg,6058760.jpg,6058760.jpg,80,6058760.jpg,0,0,4
,,,,80,6058760_1.jpg,1,0,
6058951,6058951.jpg,6058951.jpg,6058951.jpg,80,6058951.jpg,0,0,4
,,,,80,6058951_1.jpg,1,0,
,,,,80,6058951_2.jpg,2,0,
6059057,6059057.jpg,6059057.jpg,6059057.jpg,80,6059057.jpg,0,0,4
,,,,80,6059057_1.jpg,1,0,
,,,,80,6059057_2.jpg,2,0,
6059132,6059132.jpg,6059132.jpg,6059132.jpg,80,6059132.jpg,0,0,4
6059217,6059217.jpg,6059217.jpg,6059217.jpg,80,6059217.jpg,0,0,4
,,,,80,6059217_1.jpg,1,0,
,,,,80,6059217_2.jpg,2,0,
6059446,6059446.jpg,6059446.jpg,6059446.jpg,80,6059446.jpg,0,0,4
6059453,6059453.jpg,6059453.jpg,6059453.jpg,80,6059453.jpg,0,0,4
,,,,80,6059453_1.jpg,1,0,
6059460,6059460.jpg,6059460.jpg,6059460.jpg,80,6059460.jpg,0,0,4
6059521,6059521.jpg,6059521.jpg,6059521.jpg,80,6059521.jpg,0,0,4
6059798,6059798.jpg,6059798.jpg,6059798.jpg,80,6059798.jpg,0,0,4
6059804,6059804.jpg,6059804.jpg,6059804.jpg,80,6059804.jpg,0,0,4
6059811,6059811.jpg,6059811.jpg,6059811.jpg,80,6059811.jpg,0,0,4
6059828,6059828.jpg,6059828.jpg,6059828.jpg,80,6059828.jpg,0,0,4
6059972,6059972.jpg,6059972.jpg,6059972.jpg,80,6059972.jpg,0,0,4
6060015,6060015.jpg,6060015.jpg,6060015.jpg,80,6060015.jpg,0,0,4
6060145,6060145.jpg,6060145.jpg,6060145.jpg,80,6060145.jpg,0,0,4
,,,,80,6060145_1.jpg,1,0,
6060169,6060169.jpg,6060169.jpg,6060169.jpg,80,6060169.jpg,0,0,4
6060336,6060336.jpg,6060336.jpg,6060336.jpg,80,6060336.jpg,0,0,4
,,,,80,6060336_1.jpg,1,0,
6060466,6060466.jpg,6060466.jpg,6060466.jpg,80,6060466.jpg,0,0,4
6060619,6060619.jpg,6060619.jpg,6060619.jpg,80,6060619.jpg,0,0,4
6060794,6060794.jpg,6060794.jpg,6060794.jpg,80,6060794.jpg,0,0,4
,,,,80,6060794_1.jpg,1,0,
6061067,6061067.jpg,6061067.jpg,6061067.jpg,80,6061067.jpg,0,0,4
6061074,6061074.jpg,6061074.jpg,6061074.jpg,80,6061074.jpg,0,0,4
,,,,80,6061074_1.jpg,1,0,
6061340,6061340.jpg,6061340.jpg,6061340.jpg,80,6061340.jpg,0,0,4
6061388,6061388.jpg,6061388.jpg,6061388.jpg,80,6061388.jpg,0,0,4
6061432,6061432.jpg,6061432.jpg,6061432.jpg,80,6061432.jpg,0,0,4
6061449,6061449.jpg,6061449.jpg,6061449.jpg,80,6061449.jpg,0,0,4
6061456,6061456.jpg,6061456.jpg,6061456.jpg,80,6061456.jpg,0,0,4
6061463,6061463.jpg,6061463.jpg,6061463.jpg,80,6061463.jpg,0,0,4
6061470,6061470.jpg,6061470.jpg,6061470.jpg,80,6061470.jpg,0,0,4
6061487,6061487.jpg,6061487.jpg,6061487.jpg,80,6061487.jpg,0,0,4
6061494,6061494.jpg,6061494.jpg,6061494.jpg,80,6061494.jpg,0,0,4
6061913,6061913.jpg,6061913.jpg,6061913.jpg,80,6061913.jpg,0,0,4
6061920,6061920.jpg,6061920.jpg,6061920.jpg,80,6061920.jpg,0,0,4
6061944,6061944.jpg,6061944.jpg,6061944.jpg,80,6061944.jpg,0,0,4
6062613,6062613.jpg,6062613.jpg,6062613.jpg,80,6062613.jpg,0,0,4
6062774,6062774.jpg,6062774.jpg,6062774.jpg,80,6062774.jpg,0,0,4
6062965,6062965.jpg,6062965.jpg,6062965.jpg,80,6062965.jpg,0,0,4
,,,,80,6062965_1.jpg,1,0,
6063160,6063160.jpg,6063160.jpg,6063160.jpg,80,6063160.jpg,0,0,4
6063177,6063177.jpg,6063177.jpg,6063177.jpg,80,6063177.jpg,0,0,4
6063931,6063931.jpg,6063931.jpg,6063931.jpg,80,6063931.jpg,0,0,4
6064587,6064587.jpg,6064587.jpg,6064587.jpg,80,6064587.jpg,0,0,4
6064693,6064693.jpg,6064693.jpg,6064693.jpg,80,6064693.jpg,0,0,4
,,,,80,6064693_1.jpg,1,0,
,,,,80,6064693_2.jpg,2,0,
6064709,6064709.jpg,6064709.jpg,6064709.jpg,80,6064709.jpg,0,0,4
,,,,80,6064709_1.jpg,1,0,
,,,,80,6064709_2.jpg,2,0,
6064754,6064754.jpg,6064754.jpg,6064754.jpg,80,6064754.jpg,0,0,4
6064822,6064822.jpg,6064822.jpg,6064822.jpg,80,6064822.jpg,0,0,4
,,,,80,6064822_1.jpg,1,0,
,,,,80,6064822_2.jpg,2,0,
6064938,6064938.jpg,6064938.jpg,6064938.jpg,80,6064938.jpg,0,0,4
,,,,80,6064938_1.jpg,1,0,
6064969,6064969.jpg,6064969.jpg,6064969.jpg,80,6064969.jpg,0,0,4
,,,,80,6064969_1.jpg,1,0,
6064976,6064976.jpg,6064976.jpg,6064976.jpg,80,6064976.jpg,0,0,4
,,,,80,6064976_1.jpg,1,0,
6064983,6064983.jpg,6064983.jpg,6064983.jpg,80,6064983.jpg,0,0,4
,,,,80,6064983_1.jpg,1,0,
6065485,6065485.jpg,6065485.jpg,6065485.jpg,80,6065485.jpg,0,0,4
6065812,6065812.jpg,6065812.jpg,6065812.jpg,80,6065812.jpg,0,0,4
6066024,6066024.jpg,6066024.jpg,6066024.jpg,80,6066024.jpg,0,0,4
6066666,6066666.jpg,6066666.jpg,6066666.jpg,80,6066666.jpg,0,0,4
6066819,6066819.jpg,6066819.jpg,6066819.jpg,80,6066819.jpg,0,0,4
6066833,6066833.jpg,6066833.jpg,6066833.jpg,80,6066833.jpg,0,0,4
6066987,6066987.jpg,6066987.jpg,6066987.jpg,80,6066987.jpg,0,0,4
6067083,6067083.jpg,6067083.jpg,6067083.jpg,80,6067083.jpg,0,0,4
6067298,6067298.jpg,6067298.jpg,6067298.jpg,80,6067298.jpg,0,0,4
6067458,6067458.jpg,6067458.jpg,6067458.jpg,80,6067458.jpg,0,0,4
,,,,80,6067458_1.jpg,1,0,
6067748,6067748.jpg,6067748.jpg,6067748.jpg,80,6067748.jpg,0,0,4
6067960,6067960.jpg,6067960.jpg,6067960.jpg,80,6067960.jpg,0,0,4
,,,,80,6067960_1.jpg,1,0,
6067977,6067977.jpg,6067977.jpg,6067977.jpg,80,6067977.jpg,0,0,4
,,,,80,6067977_1.jpg,1,0,
6068127,6068127.jpg,6068127.jpg,6068127.jpg,80,6068127.jpg,0,0,4
,,,,80,6068127_1.jpg,1,0,
6068202,6068202.jpg,6068202.jpg,6068202.jpg,80,6068202.jpg,0,0,4
6068554,6068554.jpg,6068554.jpg,6068554.jpg,80,6068554.jpg,0,0,4
,,,,80,6068554_1.jpg,1,0,
6068684,6068684.jpg,6068684.jpg,6068684.jpg,80,6068684.jpg,0,0,4
,,,,80,6068684_1.jpg,1,0,
,,,,80,6068684_2.jpg,2,0,
6068837,6068837.jpg,6068837.jpg,6068837.jpg,80,6068837.jpg,0,0,4
,,,,80,6068837_1.jpg,1,0,
6068899,6068899.jpg,6068899.jpg,6068899.jpg,80,6068899.jpg,0,0,4
,,,,80,6068899_1.jpg,1,0,
6068905,6068905.jpg,6068905.jpg,6068905.jpg,80,6068905.jpg,0,0,4
,,,,80,6068905_1.jpg,1,0,
6069230,6069230.jpg,6069230.jpg,6069230.jpg,80,6069230.jpg,0,0,4
6069346,6069346.jpg,6069346.jpg,6069346.jpg,80,6069346.jpg,0,0,4
6069391,6069391.jpg,6069391.jpg,6069391.jpg,80,6069391.jpg,0,0,4
6069599,6069599.jpg,6069599.jpg,6069599.jpg,80,6069599.jpg,0,0,4
6069605,6069605.jpg,6069605.jpg,6069605.jpg,80,6069605.jpg,0,0,4
6069612,6069612.jpg,6069612.jpg,6069612.jpg,80,6069612.jpg,0,0,4
6069629,6069629.jpg,6069629.jpg,6069629.jpg,80,6069629.jpg,0,0,4
6069636,6069636.jpg,6069636.jpg,6069636.jpg,80,6069636.jpg,0,0,4
6069643,6069643.jpg,6069643.jpg,6069643.jpg,80,6069643.jpg,0,0,4
6069650,6069650.jpg,6069650.jpg,6069650.jpg,80,6069650.jpg,0,0,4
6069810,6069810.jpg,6069810.jpg,6069810.jpg,80,6069810.jpg,0,0,4
,,,,80,6069810_1.jpg,1,0,
6069865,6069865.jpg,6069865.jpg,6069865.jpg,80,6069865.jpg,0,0,4
6070014,6070014.jpg,6070014.jpg,6070014.jpg,80,6070014.jpg,0,0,4
6070137,6070137.jpg,6070137.jpg,6070137.jpg,80,6070137.jpg,0,0,4
6070144,6070144.jpg,6070144.jpg,6070144.jpg,80,6070144.jpg,0,0,4
6070175,6070175.jpg,6070175.jpg,6070175.jpg,80,6070175.jpg,0,0,4
,,,,80,6070175_1.jpg,1,0,
6070199,6070199.jpg,6070199.jpg,6070199.jpg,80,6070199.jpg,0,0,4
6070304,6070304.jpg,6070304.jpg,6070304.jpg,80,6070304.jpg,0,0,4
,,,,80,6070304_1.jpg,1,0,
6070328,6070328.jpg,6070328.jpg,6070328.jpg,80,6070328.jpg,0,0,4
6070335,6070335.jpg,6070335.jpg,6070335.jpg,80,6070335.jpg,0,0,4
,,,,80,6070335_1.jpg,1,0,
6070359,6070359.jpg,6070359.jpg,6070359.jpg,80,6070359.jpg,0,0,4
,,,,80,6070359_1.jpg,1,0,
6070472,6070472.jpg,6070472.jpg,6070472.jpg,80,6070472.jpg,0,0,4
,,,,80,6070472_1.jpg,1,0,
6070670,6070670.jpg,6070670.jpg,6070670.jpg,80,6070670.jpg,0,0,4
6070687,6070687.jpg,6070687.jpg,6070687.jpg,80,6070687.jpg,0,0,4
,,,,80,6070687_1.jpg,1,0,
6070724,6070724.jpg,6070724.jpg,6070724.jpg,80,6070724.jpg,0,0,4
,,,,80,6070724_1.jpg,1,0,
6070731,6070731.jpg,6070731.jpg,6070731.jpg,80,6070731.jpg,0,0,4
6070755,6070755.jpg,6070755.jpg,6070755.jpg,80,6070755.jpg,0,0,4
,,,,80,6070755_1.jpg,1,0,
6070816,6070816.jpg,6070816.jpg,6070816.jpg,80,6070816.jpg,0,0,4
6070830,6070830.jpg,6070830.jpg,6070830.jpg,80,6070830.jpg,0,0,4
,,,,80,6070830_1.jpg,1,0,
,,,,80,6070830_2.jpg,2,0,
6071103,6071103.jpg,6071103.jpg,6071103.jpg,80,6071103.jpg,0,0,4
6071622,6071622.jpg,6071622.jpg,6071622.jpg,80,6071622.jpg,0,0,4
6071783,6071783.jpg,6071783.jpg,6071783.jpg,80,6071783.jpg,0,0,4
6071936,6071936.jpg,6071936.jpg,6071936.jpg,80,6071936.jpg,0,0,4
6071943,6071943.jpg,6071943.jpg,6071943.jpg,80,6071943.jpg,0,0,4
6072018,6072018.jpg,6072018.jpg,6072018.jpg,80,6072018.jpg,0,0,4
6072025,6072025.jpg,6072025.jpg,6072025.jpg,80,6072025.jpg,0,0,4
6072254,6072254.jpg,6072254.jpg,6072254.jpg,80,6072254.jpg,0,0,4
6072681,6072681.jpg,6072681.jpg,6072681.jpg,80,6072681.jpg,0,0,4
6073626,6073626.jpg,6073626.jpg,6073626.jpg,80,6073626.jpg,0,0,4
,,,,80,6073626_1.jpg,1,0,
6073633,6073633.jpg,6073633.jpg,6073633.jpg,80,6073633.jpg,0,0,4
6073640,6073640.jpg,6073640.jpg,6073640.jpg,80,6073640.jpg,0,0,4
6073718,6073718.jpg,6073718.jpg,6073718.jpg,80,6073718.jpg,0,0,4
6074012,6074012.jpg,6074012.jpg,6074012.jpg,80,6074012.jpg,0,0,4
6074029,6074029.jpg,6074029.jpg,6074029.jpg,80,6074029.jpg,0,0,4
6074067,6074067.jpg,6074067.jpg,6074067.jpg,80,6074067.jpg,0,0,4
6074104,6074104.jpg,6074104.jpg,6074104.jpg,80,6074104.jpg,0,0,4
6074142,6074142.jpg,6074142.jpg,6074142.jpg,80,6074142.jpg,0,0,4
,,,,80,6074142_1.jpg,1,0,
6074340,6074340.jpg,6074340.jpg,6074340.jpg,80,6074340.jpg,0,0,4
6074401,6074401.jpg,6074401.jpg,6074401.jpg,80,6074401.jpg,0,0,4
6074623,6074623.jpg,6074623.jpg,6074623.jpg,80,6074623.jpg,0,0,4
6074647,6074647.jpg,6074647.jpg,6074647.jpg,80,6074647.jpg,0,0,4
6074777,6074777.jpg,6074777.jpg,6074777.jpg,80,6074777.jpg,0,0,4
,,,,80,6074777_1.jpg,1,0,
6074784,6074784.jpg,6074784.jpg,6074784.jpg,80,6074784.jpg,0,0,4
,,,,80,6074784_1.jpg,1,0,
6074807,6074807.jpg,6074807.jpg,6074807.jpg,80,6074807.jpg,0,0,4
6074876,6074876.jpg,6074876.jpg,6074876.jpg,80,6074876.jpg,0,0,4
6074883,6074883.jpg,6074883.jpg,6074883.jpg,80,6074883.jpg,0,0,4
6074890,6074890.jpg,6074890.jpg,6074890.jpg,80,6074890.jpg,0,0,4
6074906,6074906.jpg,6074906.jpg,6074906.jpg,80,6074906.jpg,0,0,4
6075118,6075118.jpg,6075118.jpg,6075118.jpg,80,6075118.jpg,0,0,4
,,,,80,6075118_1.jpg,1,0,
6075125,6075125.jpg,6075125.jpg,6075125.jpg,80,6075125.jpg,0,0,4
6075149,6075149.jpg,6075149.jpg,6075149.jpg,80,6075149.jpg,0,0,4
,,,,80,6075149_1.jpg,1,0,
6075156,6075156.jpg,6075156.jpg,6075156.jpg,80,6075156.jpg,0,0,4
6075170,6075170.jpg,6075170.jpg,6075170.jpg,80,6075170.jpg,0,0,4
,,,,80,6075170_1.jpg,1,0,
6075583,6075583.jpg,6075583.jpg,6075583.jpg,80,6075583.jpg,0,0,4
6075712,6075712.jpg,6075712.jpg,6075712.jpg,80,6075712.jpg,0,0,4
6075729,6075729.jpg,6075729.jpg,6075729.jpg,80,6075729.jpg,0,0,4
6075866,6075866.jpg,6075866.jpg,6075866.jpg,80,6075866.jpg,0,0,4
6075873,6075873.jpg,6075873.jpg,6075873.jpg,80,6075873.jpg,0,0,4
6075880,6075880.jpg,6075880.jpg,6075880.jpg,80,6075880.jpg,0,0,4
6075897,6075897.jpg,6075897.jpg,6075897.jpg,80,6075897.jpg,0,0,4
6075903,6075903.jpg,6075903.jpg,6075903.jpg,80,6075903.jpg,0,0,4
6075910,6075910.jpg,6075910.jpg,6075910.jpg,80,6075910.jpg,0,0,4
6075927,6075927.jpg,6075927.jpg,6075927.jpg,80,6075927.jpg,0,0,4
6075934,6075934.jpg,6075934.jpg,6075934.jpg,80,6075934.jpg,0,0,4
6075941,6075941.jpg,6075941.jpg,6075941.jpg,80,6075941.jpg,0,0,4
6075958,6075958.jpg,6075958.jpg,6075958.jpg,80,6075958.jpg,0,0,4
6075965,6075965.jpg,6075965.jpg,6075965.jpg,80,6075965.jpg,0,0,4
6075972,6075972.jpg,6075972.jpg,6075972.jpg,80,6075972.jpg,0,0,4
6075989,6075989.jpg,6075989.jpg,6075989.jpg,80,6075989.jpg,0,0,4
6075996,6075996.jpg,6075996.jpg,6075996.jpg,80,6075996.jpg,0,0,4
6076009,6076009.jpg,6076009.jpg,6076009.jpg,80,6076009.jpg,0,0,4
6076016,6076016.jpg,6076016.jpg,6076016.jpg,80,6076016.jpg,0,0,4
6076245,6076245.jpg,6076245.jpg,6076245.jpg,80,6076245.jpg,0,0,4
,,,,80,6076245_1.jpg,1,0,
6076269,6076269.jpg,6076269.jpg,6076269.jpg,80,6076269.jpg,0,0,4
,,,,80,6076269_1.jpg,1,0,
6076368,6076368.jpg,6076368.jpg,6076368.jpg,80,6076368.jpg,0,0,4
6076597,6076597.jpg,6076597.jpg,6076597.jpg,80,6076597.jpg,0,0,4
6076849,6076849.jpg,6076849.jpg,6076849.jpg,80,6076849.jpg,0,0,4
6076924,6076924.jpg,6076924.jpg,6076924.jpg,80,6076924.jpg,0,0,4
6077365,6077365.jpg,6077365.jpg,6077365.jpg,80,6077365.jpg,0,0,4
6077440,6077440.jpg,6077440.jpg,6077440.jpg,80,6077440.jpg,0,0,4
6077549,6077549.jpg,6077549.jpg,6077549.jpg,80,6077549.jpg,0,0,4
,,,,80,6077549_1.jpg,1,0,
6077556,6077556.jpg,6077556.jpg,6077556.jpg,80,6077556.jpg,0,0,4
,,,,80,6077556_1.jpg,1,0,
6077563,6077563.jpg,6077563.jpg,6077563.jpg,80,6077563.jpg,0,0,4
,,,,80,6077563_1.jpg,1,0,
6077594,6077594.jpg,6077594.jpg,6077594.jpg,80,6077594.jpg,0,0,4
,,,,80,6077594_1.jpg,1,0,
,,,,80,6077594_2.jpg,2,0,
6077662,6077662.jpg,6077662.jpg,6077662.jpg,80,6077662.jpg,0,0,4
,,,,80,6077662_1.jpg,1,0,
6077716,6077716.jpg,6077716.jpg,6077716.jpg,80,6077716.jpg,0,0,4
6077761,6077761.jpg,6077761.jpg,6077761.jpg,80,6077761.jpg,0,0,4
6077785,6077785.jpg,6077785.jpg,6077785.jpg,80,6077785.jpg,0,0,4
6077815,6077815.jpg,6077815.jpg,6077815.jpg,80,6077815.jpg,0,0,4
6077846,6077846.jpg,6077846.jpg,6077846.jpg,80,6077846.jpg,0,0,4
6077853,6077853.jpg,6077853.jpg,6077853.jpg,80,6077853.jpg,0,0,4
6077877,6077877.jpg,6077877.jpg,6077877.jpg,80,6077877.jpg,0,0,4
6077884,6077884.jpg,6077884.jpg,6077884.jpg,80,6077884.jpg,0,0,4
6077891,6077891.jpg,6077891.jpg,6077891.jpg,80,6077891.jpg,0,0,4
6077907,6077907.jpg,6077907.jpg,6077907.jpg,80,6077907.jpg,0,0,4
6077914,6077914.jpg,6077914.jpg,6077914.jpg,80,6077914.jpg,0,0,4
6077938,6077938.jpg,6077938.jpg,6077938.jpg,80,6077938.jpg,0,0,4
6077945,6077945.jpg,6077945.jpg,6077945.jpg,80,6077945.jpg,0,0,4
6077952,6077952.jpg,6077952.jpg,6077952.jpg,80,6077952.jpg,0,0,4
6077969,6077969.jpg,6077969.jpg,6077969.jpg,80,6077969.jpg,0,0,4
6077976,6077976.jpg,6077976.jpg,6077976.jpg,80,6077976.jpg,0,0,4
6077983,6077983.jpg,6077983.jpg,6077983.jpg,80,6077983.jpg,0,0,4
6077990,6077990.jpg,6077990.jpg,6077990.jpg,80,6077990.jpg,0,0,4
6078003,6078003.jpg,6078003.jpg,6078003.jpg,80,6078003.jpg,0,0,4
6078010,6078010.jpg,6078010.jpg,6078010.jpg,80,6078010.jpg,0,0,4
6078027,6078027.jpg,6078027.jpg,6078027.jpg,80,6078027.jpg,0,0,4
6078058,6078058.jpg,6078058.jpg,6078058.jpg,80,6078058.jpg,0,0,4
6078065,6078065.jpg,6078065.jpg,6078065.jpg,80,6078065.jpg,0,0,4
